Sample No.,"Date_
Processed",Sampled_By,County,Sampled_For,EU,rep,N_trt,"Soil
PH","Soil
OM","Soil
Phos","Soil
K","Manure
Gal","Product_
Type","Sub_
Type",Analysis Package,Moisture,"Dry_
Matter",CP,AD-ICP,ND-ICP_w/oNa2SO3,ND-ICP_w/Na2SO3,SP%CP,ADF,aNDF,aNDFom,Lignin,NDFD30,NDFD240,"WSC
(Sugar)","ESC
(Sugar)",Starch,IVSD7,EE(Fat),TFA(Fat),Ash,Ca,P,Mg,K,S,Cl,Adjusted CP,NFC,"TDN_
ADF","NEL3x
_ADF","NEG_
ADF","NEM_
ADF","TDN_
OARDC","NEL3x_
OARDC","ME_
OARDC","NEG_
OARDC","NEM_
OARDC","TDN_
Milk
2013","NEL3x_
Milk
2013","NEM_
Milk
2013","NEG_
Milk
2013","Milk/Ton_
Milk
2013","Tons
DM",Milk/Acre,RFV,RFQ,"Van_Amb
_NDF_kd","MIR_
NDF_kd",RDM,"ME_
higgs","DOMI_
90%dry","DOMI_
As-Fed",TTNDFD,"RDP_
NRC01_%CP","California_
TDN_90%dry","Soluble
_Fiber",% Nitrogen,NO3-N
709774,9/7/2022,UW Winter Cereal Pro,DUNN,DUNN,101,1,80,,,,,,1B,RH,N8,83.28,16.72,13.44,0.63,2.02,1.99,42.86,34.93,62.97,60.54,3.70,69.18,84.26,7.38,6.84,0.25,,3.31,1.48,8.80,0.45,0.34,0.16,3.06,0.16,0.32,13.44,16.73,61.69,63.32,26.68,52.08,59.94,61.30,2.21,34.86,61.02,62.70,63.17,64.83,38.31,2945,1.6994208,5005,91.34,160.53,4.88,5.83,97.03,10.24,1305.72,242.57,66.58,67.69,50.52,10.10,2.15,401
709775,9/7/2022,UW Winter Cereal Pro,DUNN,DUNN,102,1,160,,,,,,1B,RH,N8,84.89,15.11,16.98,1.01,2.55,1.97,48.35,37.91,65.90,61.13,3.95,75.49,86.49,3.58,2.74,0.25,,3.77,1.50,13.86,0.55,0.37,0.17,3.61,0.16,0.31,16.98,7.50,59.37,60.74,26.69,52.10,54.03,54.72,2.04,28.41,53.96,60.85,57.46,63.77,37.35,2622,1.5906297,4171,83.76,142.09,6.13,6.99,97.13,9.86,1280.88,215.05,72.32,71.77,48.50,4.67,2.72,2759
709776,9/7/2022,UW Winter Cereal Pro,DUNN,DUNN,103,1,0,,,,,,1B,RH,N8,82.63,17.37,11.09,0.66,1.66,2.15,36.97,38.76,67.86,65.99,4.43,65.87,81.86,4.99,3.78,0.25,,3.15,1.31,7.79,0.38,0.31,0.13,3.07,0.14,0.41,11.09,14.97,58.71,60.00,23.91,49.09,57.89,59.01,2.11,31.11,56.91,59.86,60.97,59.74,33.69,2778,1.4502213,4029,80.56,143.41,4.56,5.54,96.91,9.61,1254.42,242.10,63.73,62.36,47.93,10.73,1.77,266
709777,9/7/2022,UW Winter Cereal Pro,DUNN,DUNN,104,1,120,,,,,,1B,RH,N8,85.66,14.34,19.50,0.63,2.92,1.95,45.85,29.89,55.25,53.91,2.75,74.07,87.16,8.61,8.03,0.25,,3.36,1.69,10.04,0.61,0.38,0.20,3.51,0.22,0.31,19.50,15.81,65.62,67.70,31.80,57.66,62.65,64.31,2.37,40.88,67.69,66.02,65.69,72.08,44.80,3143,1.6657344,5235,110.38,169.43,5.34,6.43,97.41,11.19,1367.64,217.91,70.97,72.31,53.93,7.95,3.12,
709778,9/7/2022,UW Winter Cereal Pro,DUNN,DUNN,105,1,40,,,,,,1B,RH,N8,82.51,17.49,14.03,0.62,2.10,2.00,39.70,33.16,59.76,57.92,3.42,70.36,85.24,8.38,6.29,0.25,,3.40,1.63,8.71,0.45,0.35,0.16,3.19,0.17,0.39,14.03,18.71,63.07,64.86,28.17,53.70,61.46,62.99,2.27,37.08,63.47,64.44,65.04,67.54,40.74,3075,1.0793079,3319,98.27,167.60,5.00,5.92,97.28,10.58,1334.16,259.27,67.69,67.09,51.71,11.08,2.25,
709779,9/7/2022,UW Winter Cereal Pro,DUNN,DUNN,201,2,120,,,,,,1B,RH,N8,85.46,14.54,16.54,0.64,2.48,2.06,43.05,35.09,62.82,60.77,3.58,68.73,83.00,6.68,5.03,0.25,,3.32,1.53,9.24,0.50,0.37,0.17,3.45,0.20,0.27,16.54,12.98,61.56,63.18,27.78,53.27,59.79,61.13,2.24,35.99,62.27,61.88,62.28,65.03,38.48,2885,1.9000872,5482,91.15,148.67,4.75,5.97,97.56,10.28,1291.68,208.68,66.24,69.56,50.41,7.05,2.65,
709780,9/7/2022,UW Winter Cereal Pro,DUNN,DUNN,202,2,40,,,,,,1B,RH,N8,84.73,15.27,17.35,0.58,2.60,2.00,43.92,31.48,58.67,57.17,3.02,73.26,86.53,9.28,8.65,0.25,,3.49,1.72,9.09,0.51,0.38,0.18,3.37,0.21,0.32,17.35,15.67,64.38,66.32,29.72,55.39,62.25,63.87,2.33,39.51,66.17,65.74,65.45,70.78,43.64,3122,1.9400535,6057,102.31,169.13,5.27,6.35,97.59,11.00,1361.16,230.94,70.31,70.56,52.85,7.14,2.78,
709781,9/7/2022,UW Winter Cereal Pro,DUNN,DUNN,203,2,80,,,,,,1B,RH,N8,85.47,14.53,17.06,0.59,2.56,1.99,44.02,33.52,61.06,59.64,3.31,71.98,84.84,8.30,7.64,0.25,,3.26,1.59,8.66,0.47,0.37,0.17,3.63,0.21,0.26,17.06,14.04,62.79,64.55,28.66,54.24,61.29,62.80,2.30,38.16,64.66,64.59,64.37,69.05,42.10,3043,1.5823170,4815,95.89,161.12,5.15,6.40,97.55,10.79,1343.34,216.87,69.00,70.48,51.47,6.49,2.73,1681
709782,9/7/2022,UW Winter Cereal Pro,DUNN,DUNN,204,2,0,,,,,,1B,RH,N8,81.09,18.91,11.51,0.55,1.73,2.20,41.79,35.37,63.62,62.21,3.59,68.46,83.35,9.91,9.40,0.25,,3.10,1.46,7.71,0.28,0.34,0.13,3.03,0.14,0.52,11.51,18.31,61.35,62.94,25.76,51.08,60.84,62.30,2.22,35.23,61.43,62.95,63.83,64.33,37.86,2983,1.5101526,4505,89.88,158.57,4.68,5.84,97.38,10.19,1308.06,274.84,66.05,64.22,50.22,9.15,1.84,371
709783,9/7/2022,UW Winter Cereal Pro,DUNN,DUNN,205,2,160,,,,,,1B,RH,N8,85.18,14.82,23.49,0.66,3.52,2.24,48.36,26.04,46.87,45.50,1.63,74.59,85.03,11.14,8.33,0.25,,3.60,1.86,11.81,0.69,0.44,0.25,3.08,0.28,0.42,23.49,18.58,68.61,71.03,36.53,62.86,65.69,67.70,2.52,46.26,73.73,67.05,67.55,75.18,47.55,3267,0.7531524,2461,136.16,173.58,4.96,7.11,97.84,11.50,1379.34,227.13,70.74,73.55,56.53,8.19,3.76,3496
709784,9/7/2022,UW Winter Cereal Pro,DUNN,DUNN,301,3,0,,,,,,1B,RH,N8,80.29,19.71,10.42,0.60,1.56,2.08,35.32,35.54,65.89,64.69,3.89,67.97,82.56,9.03,8.16,0.25,,2.79,1.19,6.85,0.38,0.29,0.16,2.70,0.12,0.33,10.42,17.93,61.21,62.79,24.47,49.69,60.03,61.40,2.18,33.65,59.69,62.34,63.19,62.97,36.63,2937,1.5024933,4413,86.36,154.45,4.68,5.87,96.60,10.01,1303.74,285.52,65.66,61.38,50.10,9.65,1.67,280
709785,9/7/2022,UW Winter Cereal Pro,DUNN,DUNN,302,3,80,,,,,,1B,RH,N8,85.22,14.78,18.00,0.56,2.70,1.98,46.28,32.92,60.51,59.05,3.18,69.59,83.20,8.83,8.06,0.25,,3.35,1.57,8.94,0.51,0.37,0.19,3.16,0.22,0.38,18.00,13.42,63.26,65.07,29.18,54.80,61.44,62.97,2.31,38.76,65.33,63.16,63.64,67.47,40.68,2979,1.8241476,5434,97.10,155.65,4.74,6.14,97.36,10.61,1315.80,216.08,66.99,71.72,51.88,5.34,2.88,3790
709786,9/7/2022,UW Winter Cereal Pro,DUNN,DUNN,303,3,40,,,,,,1B,RH,N8,83.32,16.68,12.63,0.59,1.89,2.02,41.49,35.92,65.78,64.35,3.85,69.81,83.71,9.50,8.66,0.25,,2.90,1.38,7.20,0.35,0.33,0.16,3.10,0.16,0.21,12.63,15.46,60.92,62.46,25.27,50.55,60.11,61.49,2.21,34.74,60.89,63.28,63.49,65.28,38.71,2971,1.6348068,4857,85.95,159.73,4.94,6.08,97.12,10.33,1320.66,244.76,67.29,66.38,49.85,6.71,2.02,
709787,9/7/2022,UW Winter Cereal Pro,DUNN,DUNN,304,3,160,,,,,,1B,RH,N8,85.99,14.01,20.10,0.57,3.02,2.29,49.75,29.69,55.31,53.69,2.42,74.02,85.77,10.00,9.25,0.25,,3.35,1.59,10.15,0.56,0.40,0.22,3.12,0.23,0.50,20.10,15.76,65.77,67.87,31.97,57.85,63.29,65.03,2.40,41.95,68.89,65.90,65.60,72.16,44.87,3137,1.4239764,4467,110.64,170.05,5.14,6.74,97.31,11.15,1366.20,212.67,70.69,72.64,54.06,6.51,3.22,3607
709788,9/7/2022,UW Winter Cereal Pro,DUNN,DUNN,305,3,120,,,,,,1B,RH,N8,85.13,14.87,16.52,0.61,2.48,2.16,43.58,32.78,60.52,59.23,3.13,72.14,85.11,8.71,8.05,0.25,,3.33,1.58,9.03,0.49,0.37,0.18,3.28,0.20,0.26,16.52,14.80,63.36,65.18,28.69,54.27,61.37,62.89,2.29,38.03,64.52,64.51,64.21,68.70,41.79,3034,1.7272992,5241,97.25,161.15,5.09,6.38,97.21,10.71,1340.46,221.47,69.20,69.31,51.97,6.84,2.64,
709789,9/7/2022,UW Winter Cereal Pro,DUNN,DUNN,401,4,160,,,,,,1B,RH,N8,85.66,14.34,19.32,0.59,2.90,2.37,51.55,30.96,57.05,55.21,2.59,71.00,83.72,9.50,8.82,0.25,,3.49,1.63,10.71,0.56,0.41,0.20,3.18,0.23,0.44,19.32,14.50,64.78,66.76,31.02,56.81,62.03,63.62,2.35,40.05,66.77,63.54,63.67,68.57,41.66,2991,1.9260054,5761,105.46,158.92,4.75,6.39,97.39,10.68,1319.04,210.17,68.02,72.58,53.20,5.75,3.09,3542
709790,9/7/2022,UW Winter Cereal Pro,DUNN,DUNN,402,4,0,,,,,,1B,RH,N8,82.88,17.12,12.16,0.65,1.82,2.36,39.56,34.86,63.47,62.08,3.92,67.78,82.64,9.55,8.62,0.25,,3.10,1.38,6.96,0.37,0.32,0.17,2.92,0.15,0.50,12.16,18.78,61.74,63.38,26.05,51.40,60.86,62.32,2.22,35.48,61.70,63.28,64.63,65.08,38.53,3029,1.2429120,3765,90.46,161.56,4.72,5.82,97.00,10.24,1314.72,250.09,65.46,63.28,50.56,9.98,1.95,567
709791,9/7/2022,UW Winter Cereal Pro,DUNN,DUNN,403,4,120,,,,,,1B,RH,N8,85.09,14.91,17.99,0.57,2.70,2.13,50.08,32.30,60.11,58.77,2.92,71.33,84.04,8.67,7.95,0.25,,3.16,1.49,9.91,0.50,0.38,0.19,3.23,0.21,0.41,17.99,12.97,63.74,65.61,29.36,55.00,60.99,62.47,2.30,38.18,64.69,63.17,62.82,67.47,40.68,2939,1.4072058,4136,98.82,154.79,4.88,6.40,97.43,10.59,1318.32,218.40,68.32,72.37,52.30,5.05,2.88,
709792,9/7/2022,UW Winter Cereal Pro,DUNN,DUNN,404,4,40,,,,,,1B,RH,N8,82.40,17.60,15.26,0.58,2.29,2.39,41.35,30.61,57.67,56.35,2.54,73.11,85.68,10.66,9.89,0.25,,3.08,1.40,9.74,0.48,0.37,0.19,3.12,0.20,0.43,15.26,18.64,65.05,67.07,29.43,55.08,62.44,64.08,2.32,38.85,65.43,65.11,64.76,68.99,42.04,3077,1.2138720,3735,104.89,167.87,5.00,6.51,97.12,10.71,1351.98,264.39,70.09,66.72,53.44,8.73,2.44,
709793,9/7/2022,UW Winter Cereal Pro,DUNN,DUNN,405,4,80,,,,,,1B,RH,N8,84.87,15.13,17.71,0.47,2.66,1.96,47.15,29.89,56.56,55.61,2.48,75.17,87.77,11.84,10.98,0.25,,3.22,1.62,8.87,0.47,0.39,0.19,3.12,0.20,0.28,17.71,17.15,65.62,67.70,30.69,56.44,63.93,65.74,2.40,41.81,68.73,67.23,66.69,72.96,45.58,3216,1.3181256,4239,107.84,175.24,5.32,6.58,97.32,11.33,1391.76,233.97,71.98,71.98,53.93,6.06,2.83,3956
709794,9/7/2022,UW Winter Cereal Pro,OUTAGAMIE 1,SUNNY DAZE DAIRY,101,1,80,,,,,,1B,RH,N8,86.84,13.16,15.34,0.69,2.30,2.25,47.33,30.35,58.07,54.80,2.65,77.52,90.57,8.23,6.18,0.25,,3.64,1.61,11.47,0.52,0.37,0.15,3.92,0.17,0.43,15.34,18.03,65.26,67.30,29.29,54.92,61.03,62.51,2.27,37.06,63.45,66.24,64.39,70.60,43.48,3083,2.8423626,8763,104.72,179.52,5.85,6.57,96.99,10.85,1371.78,200.58,74.08,69.32,53.61,10.55,2.45,1237
709795,9/7/2022,UW Winter Cereal Pro,OUTAGAMIE 1,SUNNY DAZE DAIRY,102,1,160,,,,,,1B,RH,N8,86.61,13.39,20.68,0.61,3.10,1.97,49.42,26.51,50.59,48.93,2.17,79.17,91.13,10.19,7.63,0.25,,3.42,1.67,10.35,0.63,0.40,0.21,3.42,0.20,0.34,20.68,19.34,68.25,70.63,34.10,60.18,64.82,66.73,2.46,44.08,71.27,69.32,68.47,77.07,49.21,3358,3.5482161,11915,125.39,187.69,6.01,6.88,96.99,11.80,1430.28,212.79,75.38,73.85,56.21,9.90,3.31,4650
709796,9/7/2022,UW Winter Cereal Pro,OUTAGAMIE 1,SUNNY DAZE DAIRY,103,1,0,,,,,,1B,RH,N8,84.68,15.32,11.27,0.45,1.69,1.93,44.37,30.94,60.20,58.30,2.63,73.38,86.91,12.56,11.79,0.25,,2.89,1.35,8.07,0.24,0.35,0.14,3.07,0.13,0.58,11.27,21.94,64.80,66.79,27.08,52.51,63.27,65.01,2.30,38.28,64.80,66.30,66.07,68.92,41.98,3163,2.7805800,8795,99.96,176.30,5.06,6.30,96.89,10.76,1375.38,234.12,70.39,66.50,53.22,10.13,1.80,281
709797,9/7/2022,UW Winter Cereal Pro,OUTAGAMIE 1,SUNNY DAZE DAIRY,104,1,120,,,,,,1B,RH,N8,86.23,13.77,16.29,0.49,2.44,1.91,46.04,27.59,51.39,50.15,2.00,78.40,90.25,13.55,12.96,0.25,,3.19,1.63,9.14,0.45,0.40,0.18,3.24,0.19,0.40,16.29,23.70,67.41,69.69,32.34,58.25,66.02,68.07,2.45,43.80,70.96,70.02,69.58,76.17,48.42,3424,3.7238900,12751,122.28,192.14,5.70,6.88,96.98,11.68,1440.54,220.40,74.73,71.10,55.48,10.90,2.61,
709798,9/7/2022,UW Winter Cereal Pro,OUTAGAMIE 1,SUNNY DAZE DAIRY,105,1,40,,,,,,1B,RH,N8,85.62,14.38,11.68,0.47,1.75,2.01,40.33,31.69,60.33,58.81,2.62,73.80,87.81,10.85,8.12,0.25,,3.05,1.41,8.73,0.30,0.35,0.16,2.99,0.14,0.56,11.68,20.38,64.21,66.13,27.16,52.61,62.59,64.25,2.28,37.58,64.02,65.80,65.16,68.40,41.51,3107,3.3407616,10380,99.05,171.93,5.10,6.22,96.65,10.70,1365.48,218.17,70.76,65.14,52.71,10.28,1.87,
709799,9/7/2022,UW Winter Cereal Pro,OUTAGAMIE 1,SUNNY DAZE DAIRY,201,2,120,,,,,,1B,RH,N8,86.60,13.40,16.22,0.48,2.43,1.98,50.68,30.29,58.13,56.50,2.60,74.73,87.17,11.40,10.65,0.25,,3.16,1.51,8.99,0.40,0.39,0.17,3.44,0.19,0.48,16.22,17.76,65.30,67.34,29.56,55.21,63.17,64.89,2.35,40.23,66.97,66.58,65.95,71.44,44.23,3165,3.2833350,10392,104.28,175.45,5.29,6.60,97.05,11.09,1381.14,205.64,71.54,72.27,53.66,7.11,2.59,
709800,9/7/2022,UW Winter Cereal Pro,OUTAGAMIE 1,SUNNY DAZE DAIRY,202,2,40,,,,,,1B,RH,N8,85.95,14.05,11.15,0.44,1.67,2.02,45.20,32.11,61.81,59.92,2.62,75.78,88.73,12.02,11.33,0.25,,2.94,1.39,8.41,0.22,0.36,0.14,3.12,0.14,0.60,11.15,20.15,63.89,65.77,26.38,51.75,62.61,64.27,2.28,37.39,63.82,66.86,65.53,69.63,42.62,3145,3.7996118,11950,96.08,177.71,5.39,6.52,96.79,10.85,1387.44,216.59,72.51,66.07,52.42,8.88,1.78,
709801,9/7/2022,UW Winter Cereal Pro,OUTAGAMIE 1,SUNNY DAZE DAIRY,203,2,80,,,,,,1B,RH,N8,86.37,13.63,12.56,0.49,1.88,2.07,47.21,31.38,59.76,57.45,2.63,74.90,88.39,11.03,10.46,0.25,,3.03,1.38,8.36,0.28,0.36,0.15,3.28,0.15,0.60,12.56,21.32,64.45,66.40,27.69,53.17,63.27,65.01,2.31,38.80,65.38,67.07,66.46,70.53,43.42,3199,3.6612906,11712,100.42,183.20,5.31,6.37,96.83,10.95,1389.96,210.50,71.70,67.95,52.92,11.04,2.01,546
709802,9/7/2022,UW Winter Cereal Pro,OUTAGAMIE 1,SUNNY DAZE DAIRY,204,2,0,,,,,,1B,RH,N8,84.73,15.27,10.83,0.41,1.62,2.01,43.12,30.20,59.11,57.74,2.32,77.17,90.20,13.03,12.46,0.25,,2.94,1.39,8.15,0.24,0.35,0.15,3.09,0.12,0.54,10.83,22.90,65.37,67.42,27.36,52.83,64.07,65.90,2.32,39.13,65.74,68.45,67.20,71.69,44.45,3262,3.1318007,10216,102.87,182.22,5.50,6.56,96.88,11.11,1416.06,240.26,73.66,65.07,53.72,10.62,1.73,229
709803,9/7/2022,UW Winter Cereal Pro,OUTAGAMIE 1,SUNNY DAZE DAIRY,205,2,160,,,,,,1B,RH,N8,88.50,11.50,21.32,0.57,3.20,2.24,55.02,28.88,54.19,52.57,2.07,74.42,86.95,8.75,6.56,0.25,,3.65,1.73,11.67,0.60,0.43,0.22,3.45,0.25,0.55,21.32,13.95,66.40,68.57,32.83,58.79,62.98,64.68,2.40,42.08,69.03,65.02,64.32,71.48,44.27,3058,2.5255725,7723,113.76,164.60,5.04,6.57,97.28,11.07,1347.84,172.22,71.20,75.01,54.61,5.95,3.41,3063
709804,9/7/2022,UW Winter Cereal Pro,OUTAGAMIE 1,SUNNY DAZE DAIRY,301,3,0,,,,,,1B,RH,N8,84.50,15.50,10.42,0.40,1.56,2.03,44.15,31.33,61.88,60.58,2.48,75.57,89.11,13.72,12.86,0.25,,2.86,1.39,7.87,0.20,0.34,0.15,2.89,0.13,0.57,10.42,20.77,64.49,66.44,26.10,51.45,63.28,65.02,2.29,37.96,64.45,67.13,65.94,69.70,42.68,3170,3.1227075,9899,96.98,174.74,5.27,6.39,96.70,10.89,1391.94,239.72,72.49,64.72,52.95,7.80,1.67,292
709805,9/7/2022,UW Winter Cereal Pro,OUTAGAMIE 1,SUNNY DAZE DAIRY,302,3,80,,,,,,1B,RH,N8,84.74,15.26,17.61,0.47,2.64,1.96,56.96,28.55,55.37,54.02,2.32,77.84,90.30,13.94,13.01,0.25,,3.08,1.53,8.13,0.34,0.37,0.18,3.08,0.17,0.54,17.61,19.67,66.66,68.86,31.13,56.93,65.29,67.25,2.44,43.44,70.56,69.59,68.82,76.13,48.39,3371,3.7390815,12604,112.13,190.65,5.71,6.71,96.70,11.74,1438.20,243.85,74.39,75.13,54.83,6.48,2.82,532
709806,9/7/2022,UW Winter Cereal Pro,OUTAGAMIE 1,SUNNY DAZE DAIRY,303,3,40,,,,,,1B,RH,N8,86.30,13.70,13.88,0.56,2.08,2.08,35.52,27.99,52.29,50.78,2.18,76.82,89.54,11.58,10.97,0.25,,3.33,1.59,9.29,0.50,0.39,0.20,3.26,0.19,0.48,13.88,25.54,67.10,69.35,31.17,56.98,65.21,67.17,2.40,41.78,68.69,69.11,68.96,73.92,46.43,3373,3.5309010,11910,119.12,190.07,5.53,6.61,96.59,11.31,1420.92,216.30,73.27,65.24,55.21,14.71,2.22,
709807,9/7/2022,UW Winter Cereal Pro,OUTAGAMIE 1,SUNNY DAZE DAIRY,304,3,160,,,,,,1B,RH,N8,85.69,14.31,15.68,0.43,2.35,1.89,56.82,30.26,58.79,57.37,2.33,77.25,89.96,12.25,11.60,0.25,,3.15,1.56,9.19,0.33,0.38,0.16,3.27,0.16,0.50,15.68,17.09,65.33,67.38,29.12,54.74,63.37,65.12,2.35,40.28,67.03,67.50,65.91,72.46,45.14,3180,3.3504719,10655,103.31,178.99,5.54,6.63,96.69,11.27,1399.68,222.55,73.88,74.38,53.68,5.59,2.51,561
709808,9/7/2022,UW Winter Cereal Pro,OUTAGAMIE 1,SUNNY DAZE DAIRY,305,3,120,,,,,,1B,RH,N8,85.06,14.94,21.86,0.44,3.28,1.94,59.42,27.88,54.67,53.51,2.24,78.15,90.19,14.40,13.37,0.25,,3.18,1.64,8.03,0.40,0.39,0.19,3.29,0.19,0.42,21.86,15.90,67.18,69.44,32.82,58.78,65.93,67.97,2.51,45.98,73.40,69.88,69.13,78.31,50.31,3393,3.2810481,11133,114.05,190.15,5.73,6.83,96.99,12.09,1445.04,239.88,74.64,77.64,55.29,3.50,3.50,
709809,9/7/2022,UW Winter Cereal Pro,OUTAGAMIE 1,SUNNY DAZE DAIRY,401,4,160,,,,,,1B,RH,N8,87.01,12.99,21.67,0.51,3.25,2.09,52.75,25.40,49.33,48.19,1.83,77.28,89.29,12.87,12.18,0.25,,3.40,1.65,10.15,0.60,0.41,0.24,3.21,0.23,0.47,21.67,19.43,69.11,71.59,34.93,61.10,66.05,68.10,2.51,46.01,73.45,68.85,68.69,76.84,49.01,3359,3.4657970,11642,130.18,183.35,5.44,6.80,97.03,11.80,1420.20,204.98,73.61,74.90,56.96,7.31,3.47,4205
709810,9/7/2022,UW Winter Cereal Pro,OUTAGAMIE 1,SUNNY DAZE DAIRY,402,4,0,,,,,,1B,RH,N8,85.04,14.96,18.63,0.41,2.79,1.95,65.49,30.57,59.65,57.91,2.42,76.26,89.31,13.00,12.28,0.25,,3.01,1.46,8.65,0.27,0.37,0.15,3.16,0.14,0.54,18.63,14.30,65.09,67.11,29.75,55.42,63.55,65.32,2.40,41.74,68.65,67.12,65.82,73.19,45.79,3167,2.9867640,9459,101.42,176.96,5.41,6.52,96.80,11.43,1396.80,232.18,72.89,78.43,53.47,3.50,2.98,659
709811,9/7/2022,UW Winter Cereal Pro,OUTAGAMIE 1,SUNNY DAZE DAIRY,403,4,120,,,,,,1B,RH,N8,86.70,13.30,18.87,0.55,2.83,2.09,48.60,26.23,49.45,47.67,1.91,77.99,90.90,12.46,9.31,0.25,,3.62,1.76,9.93,0.57,0.40,0.21,3.02,0.20,0.51,18.87,22.86,68.47,70.88,33.97,60.04,66.27,68.35,2.49,45.13,72.46,69.77,69.70,76.92,49.09,3429,3.1864140,10926,128.98,192.43,5.63,6.62,96.78,11.76,1432.44,211.68,74.42,72.46,56.40,11.15,3.02,
709812,9/7/2022,UW Winter Cereal Pro,OUTAGAMIE 1,SUNNY DAZE DAIRY,404,4,40,,,,,,1B,RH,N8,85.10,14.90,12.98,0.44,1.95,1.98,45.22,29.84,58.52,56.80,2.46,74.17,87.50,12.67,11.94,0.25,,3.07,1.47,8.68,0.32,0.36,0.17,3.11,0.16,0.65,12.98,21.05,65.65,67.73,28.33,53.88,63.61,65.38,2.33,39.44,66.09,66.63,66.25,70.11,43.05,3180,3.4886115,11094,104.33,179.28,5.12,6.38,96.94,10.92,1379.70,228.42,71.12,68.21,53.96,9.13,2.08,
709813,9/7/2022,UW Winter Cereal Pro,OUTAGAMIE 1,SUNNY DAZE DAIRY,405,4,80,,,,,,1B,RH,N8,84.77,15.23,10.67,0.38,1.60,1.95,47.33,30.36,60.19,58.41,2.47,74.10,87.55,14.08,13.23,0.25,,2.85,1.35,8.30,0.20,0.34,0.15,2.95,0.12,0.68,10.67,22.22,65.25,67.29,26.88,52.30,63.41,65.16,2.30,38.24,64.75,66.46,65.93,68.87,41.94,3159,3.2894516,10391,100.66,174.10,5.08,6.35,96.96,10.77,1378.26,233.23,70.85,66.64,53.61,8.89,1.71,367
709814,9/7/2022,UW Winter Cereal Pro,DOOR,DOOR PARS,101,1,80,,,,,,1B,RH,N8,84.91,15.09,15.97,0.39,2.40,1.76,44.65,25.72,51.88,50.62,1.80,82.36,93.88,15.79,14.74,0.25,,3.13,1.68,8.14,0.39,0.40,0.19,3.15,0.17,0.25,15.97,24.35,68.86,71.31,32.03,57.91,67.42,69.63,2.50,45.44,72.80,72.71,71.48,79.67,51.50,3572,2.5954800,9271,123.31,208.41,6.30,7.11,97.07,12.19,1492.74,250.28,78.32,71.17,56.75,9.31,2.56,1473
709815,9/7/2022,UW Winter Cereal Pro,DOOR,DOOR PARS,102,1,160,,,,,,1B,RH,N8,83.59,16.41,19.18,0.45,2.88,1.96,40.88,24.15,48.02,47.11,1.71,82.17,94.59,15.26,14.29,0.25,,3.47,1.87,7.75,0.51,0.42,0.23,2.99,0.22,0.26,19.18,25.05,70.09,72.68,34.66,60.80,69.18,71.59,2.60,48.83,76.63,73.89,73.69,82.57,54.03,3714,2.4615000,9142,135.83,212.31,6.28,6.88,97.17,12.58,1509.30,275.20,78.16,70.59,57.81,10.54,3.07,384
709816,9/7/2022,UW Winter Cereal Pro,DOOR,DOOR PARS,103,1,0,,,,,,1B,RH,N8,81.12,18.88,10.11,0.38,1.52,1.59,43.72,26.83,54.15,53.08,2.17,80.18,92.11,20.14,18.55,0.25,,2.67,1.25,5.27,0.20,0.31,0.17,2.08,0.10,0.13,10.11,30.88,68.00,70.35,29.15,54.76,68.16,70.45,2.46,43.93,71.11,73.69,73.38,78.51,50.48,3681,1.5859200,5838,117.02,205.17,6.09,6.93,96.35,11.98,1515.78,317.98,76.31,67.21,56.00,11.49,1.62,114
709817,9/7/2022,UW Winter Cereal Pro,DOOR,DOOR PARS,104,1,120,,,,,,1B,RH,N8,84.06,15.94,16.50,0.48,2.48,1.91,45.03,27.38,51.19,50.13,2.06,80.85,92.62,14.26,13.38,0.25,,3.26,1.59,7.10,0.41,0.39,0.20,2.92,0.18,0.26,16.50,25.59,67.57,69.87,32.47,58.40,67.87,70.13,2.52,46.15,73.60,73.06,72.67,80.34,52.09,3640,1.9925000,7253,122.57,209.84,6.22,6.99,96.60,12.22,1499.40,265.56,76.66,70.89,55.62,12.08,2.64,
709818,9/7/2022,UW Winter Cereal Pro,DOOR,DOOR PARS,105,1,40,,,,,,1B,RH,N8,81.92,18.08,12.28,0.36,1.84,1.65,47.07,26.88,54.37,52.39,2.11,79.90,90.88,18.83,17.34,0.25,,2.61,1.31,5.83,0.27,0.33,0.19,2.56,0.12,0.16,12.28,28.84,67.96,70.31,29.79,55.47,68.07,70.35,2.48,44.72,71.99,73.15,72.87,78.69,50.64,3646,1.8080000,6592,116.43,215.52,6.01,7.17,96.67,12.03,1505.52,302.44,76.51,70.10,55.96,10.76,1.97,
709819,9/7/2022,UW Winter Cereal Pro,DOOR,DOOR PARS,201,2,120,,,,,,1B,RH,N8,84.01,15.99,18.29,0.44,2.74,1.88,44.18,25.63,48.56,47.57,1.77,80.64,93.00,15.00,14.14,0.25,,3.42,1.78,7.99,0.47,0.40,0.22,2.87,0.20,0.40,18.29,25.25,68.93,71.39,34.15,60.24,68.57,70.91,2.56,47.74,75.39,72.82,72.77,80.78,52.47,3645,2.1106800,7693,131.98,207.19,6.02,6.84,96.69,12.33,1490.40,264.79,76.80,71.60,56.81,11.00,2.93,
709820,9/7/2022,UW Winter Cereal Pro,DOOR,DOOR PARS,202,2,40,,,,,,1B,RH,N8,84.72,15.28,12.72,0.46,1.91,1.89,43.40,29.53,56.92,55.47,2.36,79.66,91.62,14.65,13.70,0.25,,2.93,1.35,6.59,0.32,0.35,0.17,2.88,0.13,0.18,12.72,24.76,65.90,68.01,28.89,54.48,66.01,68.06,2.41,42.32,69.30,71.64,70.58,76.84,49.01,3497,1.8030400,6305,107.79,205.05,6.05,6.90,96.42,11.75,1478.34,250.99,75.84,67.87,54.17,10.86,2.03,
709821,9/7/2022,UW Winter Cereal Pro,DOOR,DOOR PARS,203,2,80,,,,,,1B,RH,N8,82.91,17.09,14.71,0.51,2.21,1.99,39.23,26.59,52.31,50.88,2.11,79.15,91.80,15.74,14.76,0.25,,3.19,1.44,6.59,0.38,0.36,0.21,2.35,0.15,0.17,14.71,27.37,68.19,70.56,31.43,57.25,67.84,70.09,2.50,45.37,72.72,72.54,72.59,78.90,50.82,3623,2.5805900,9349,121.05,211.39,5.90,6.72,96.55,12.00,1490.40,283.01,75.13,67.54,56.16,12.38,2.35,156
709822,9/7/2022,UW Winter Cereal Pro,DOOR,DOOR PARS,204,2,0,,,,,,1B,RH,N8,82.48,17.52,11.36,0.39,1.70,1.71,44.81,28.12,56.41,55.01,2.23,79.40,90.91,18.38,16.99,0.25,,2.73,1.29,5.29,0.22,0.33,0.18,2.41,0.10,0.10,11.36,27.76,66.99,69.23,28.65,54.22,67.61,69.84,2.45,43.76,70.91,72.85,72.37,77.90,49.94,3611,1.8921600,6833,110.61,209.29,5.92,7.01,96.60,11.91,1500.84,292.16,75.42,68.14,55.12,10.13,1.82,180
709823,9/7/2022,UW Winter Cereal Pro,DOOR,DOOR PARS,205,2,160,,,,,,1B,RH,N8,85.24,14.76,15.28,0.37,2.29,1.80,46.79,26.71,53.75,52.29,1.66,83.21,93.86,16.38,15.25,0.25,,3.20,1.60,7.80,0.31,0.41,0.18,3.11,0.17,0.28,15.28,23.83,68.09,70.45,31.04,56.83,67.55,69.77,2.50,45.32,72.66,73.03,71.30,79.80,51.61,3566,2.1254400,7579,117.71,212.19,6.31,7.38,97.24,12.17,1501.56,246.26,78.84,71.32,56.08,8.20,2.44,506
709824,9/7/2022,UW Winter Cereal Pro,DOOR,DOOR PARS,301,3,0,,,,,,1B,RH,N8,82.22,17.78,13.60,0.44,2.04,1.89,42.57,26.49,54.68,53.27,2.18,79.65,92.70,16.12,15.09,0.25,,3.02,1.39,6.18,0.32,0.33,0.20,2.39,0.13,0.17,13.60,26.45,68.26,70.64,30.09,55.79,67.45,69.66,2.47,44.46,71.70,72.57,72.11,78.46,50.44,3596,3.0581600,10997,115.88,211.27,5.98,6.65,96.61,12.00,1493.64,295.08,75.92,68.34,56.23,11.08,2.18,152
709825,9/7/2022,UW Winter Cereal Pro,DOOR,DOOR PARS,302,3,80,,,,,,1B,RH,N8,84.44,15.56,13.96,0.44,2.09,1.87,39.33,28.19,55.23,53.73,2.15,80.25,92.61,14.38,13.36,0.25,,3.10,1.47,6.93,0.40,0.37,0.19,2.91,0.15,0.17,13.96,24.78,66.94,69.17,29.99,55.69,66.75,68.88,2.45,43.76,70.91,72.08,71.13,77.97,50.01,3536,2.0228000,7153,112.60,208.70,6.06,6.83,96.42,11.92,1484.28,256.62,76.34,67.66,55.08,11.15,2.23,213
709826,9/7/2022,UW Winter Cereal Pro,DOOR,DOOR PARS,303,3,40,,,,,,1B,RH,N8,84.02,15.98,11.53,0.50,1.73,2.03,37.64,30.75,59.50,57.89,2.56,77.68,90.41,13.48,12.40,0.25,,2.88,1.20,5.97,0.32,0.32,0.19,2.54,0.13,0.16,11.53,24.44,64.95,66.95,27.44,52.91,65.37,67.34,2.37,41.00,67.82,70.55,69.78,74.85,47.26,3432,1.9176000,6581,101.70,198.45,5.73,6.65,96.30,11.47,1459.98,259.23,74.13,63.96,53.34,11.71,1.84,
709827,9/7/2022,UW Winter Cereal Pro,DOOR,DOOR PARS,304,3,160,,,,,,1B,RH,N8,85.89,14.11,17.22,0.47,2.58,1.94,44.54,27.40,53.63,51.89,1.92,80.84,92.58,13.83,12.77,0.25,,3.28,1.58,7.91,0.43,0.40,0.20,3.04,0.19,0.39,17.22,22.34,67.56,69.86,31.72,57.57,66.93,69.08,2.49,45.29,72.64,71.82,70.77,78.98,50.89,3517,2.1306100,7493,117.31,205.06,6.05,7.00,96.57,12.06,1478.70,231.83,76.93,70.98,55.61,9.26,2.75,2019
709828,9/7/2022,UW Winter Cereal Pro,DOOR,DOOR PARS,305,3,120,,,,,,1B,RH,N8,84.65,15.35,15.16,0.41,2.27,1.74,47.49,27.65,53.80,52.35,1.90,82.29,92.24,15.78,14.37,0.25,,2.95,1.48,7.74,0.39,0.39,0.20,3.13,0.17,0.24,15.16,24.01,67.36,69.64,30.98,56.76,66.87,69.01,2.47,44.41,71.64,72.50,70.97,79.02,50.93,3539,1.9801500,7008,116.44,208.61,6.32,7.55,96.59,12.06,1493.82,254.78,78.05,71.74,55.44,8.98,2.43,
709829,9/7/2022,UW Winter Cereal Pro,DOOR,DOOR PARS,401,4,160,,,,,,1B,RH,N8,86.36,13.64,19.27,0.42,2.89,1.85,48.00,27.17,53.09,51.60,1.81,81.20,91.96,13.60,12.49,0.25,,3.35,1.67,8.94,0.49,0.41,0.22,3.10,0.22,0.42,19.27,19.37,67.73,70.05,32.62,58.56,66.41,68.50,2.50,45.52,72.89,71.03,69.58,78.77,50.71,3442,2.5370400,8732,118.66,197.70,6.04,7.27,96.74,12.06,1464.48,221.95,77.14,73.36,55.77,6.52,3.08,4910
709830,9/7/2022,UW Winter Cereal Pro,DOOR,DOOR PARS,402,4,0,,,,,,1B,RH,N8,82.32,17.68,10.89,0.51,1.63,1.93,37.47,28.52,56.93,55.57,2.46,76.82,90.14,15.70,14.59,0.25,,2.84,1.14,5.24,0.29,0.30,0.19,1.96,0.10,0.14,10.89,28.09,66.68,68.88,28.29,53.83,66.78,68.91,2.42,42.48,69.47,71.37,71.52,75.69,48.00,3539,2.0155200,7133,109.07,200.22,5.58,6.48,96.23,11.57,1473.84,289.53,72.96,63.76,54.85,13.14,1.74,264
709831,9/7/2022,UW Winter Cereal Pro,DOOR,DOOR PARS,403,4,120,,,,,,1B,RH,N8,85.47,14.53,14.59,0.49,2.19,2.03,39.62,29.37,55.54,54.16,2.22,79.41,91.67,12.66,11.96,0.25,,3.14,1.46,7.39,0.40,0.37,0.19,2.91,0.16,0.19,14.59,23.43,66.02,68.15,30.08,55.78,66.03,68.08,2.43,43.10,70.18,71.12,70.17,76.93,49.09,3469,2.4555700,8518,110.55,201.23,5.93,6.82,96.61,11.77,1466.28,236.72,75.50,67.39,54.28,11.52,2.33,
709832,9/7/2022,UW Winter Cereal Pro,DOOR,DOOR PARS,404,4,40,,,,,,1B,RH,N8,84.70,15.30,14.79,0.52,2.22,2.05,34.96,30.19,57.92,56.73,2.40,78.14,90.80,10.26,9.55,0.25,,3.31,1.39,7.15,0.48,0.35,0.22,2.85,0.20,0.10,14.79,20.99,65.38,67.43,29.18,54.80,65.11,67.05,2.40,42.03,68.98,70.00,68.95,75.49,47.82,3382,2.0043000,6779,104.91,193.92,5.75,6.68,96.64,11.55,1448.10,246.18,74.20,65.91,53.72,11.48,2.37,
709833,9/7/2022,UW Winter Cereal Pro,DOOR,DOOR PARS,405,4,80,,,,,,1B,RH,N8,84.95,15.05,14.83,0.37,2.22,1.66,45.72,27.00,53.87,52.61,1.76,82.40,93.54,16.55,15.34,0.25,,3.11,1.56,7.27,0.32,0.40,0.19,3.06,0.17,0.16,14.83,24.39,67.87,70.21,30.83,56.60,67.68,69.92,2.49,45.29,72.63,73.05,71.61,79.63,51.47,3581,1.7307500,6198,117.33,212.19,6.22,7.21,97.13,12.16,1502.46,251.24,78.17,71.36,55.88,8.59,2.37,942
709834,9/7/2022,UW Winter Cereal Pro,DANE,DANE-CAML,101,1,80,,,,,,1B,RH,N8,85.26,14.74,19.29,0.43,2.89,1.91,52.98,28.84,56.80,55.32,2.20,76.92,88.58,11.54,10.79,0.25,,3.15,1.54,9.83,0.49,0.40,0.20,3.25,0.21,0.29,19.29,14.93,66.43,68.60,31.12,56.92,63.60,65.37,2.40,42.07,69.02,67.05,65.67,73.38,45.95,3162,3.2428000,10254,108.66,176.03,5.45,6.87,97.14,11.39,1393.20,228.18,73.28,74.76,54.64,4.14,3.09,2594
709835,9/7/2022,UW Winter Cereal Pro,DANE,DANE-CAML,102,1,160,,,,,,1B,RH,N8,86.29,13.71,22.19,0.50,3.33,1.96,56.24,27.38,54.89,53.33,2.18,77.07,89.07,11.04,10.23,0.25,,3.24,1.56,11.40,0.63,0.42,0.23,3.33,0.22,0.32,22.19,12.48,67.57,69.87,32.84,58.81,62.64,64.30,2.40,42.04,68.99,66.00,64.39,73.18,45.78,3080,3.1533000,9712,114.71,169.41,5.51,6.79,96.72,11.38,1374.66,209.41,73.54,76.63,55.62,3.50,3.55,3650
709836,9/7/2022,UW Winter Cereal Pro,DANE,DANE-CAML,103,1,0,,,,,,1B,RH,N8,86.31,13.69,20.98,0.48,3.15,1.91,51.24,27.65,56.06,54.46,2.04,77.97,89.35,10.90,10.08,0.25,,3.28,1.61,11.28,0.57,0.43,0.22,3.32,0.23,0.40,20.98,12.58,67.36,69.64,31.98,57.85,62.79,64.47,2.40,41.75,68.66,66.37,64.37,73.17,45.77,3085,3.0118000,9291,111.74,171.59,5.55,6.98,96.98,11.36,1380.96,210.06,74.19,74.79,55.44,3.50,3.36,3083
709837,9/7/2022,UW Winter Cereal Pro,DANE,DANE-CAML,104,1,120,,,,,,1B,RH,N8,86.47,13.53,21.35,0.51,3.20,2.01,56.21,28.60,56.63,54.80,2.22,76.31,88.21,10.45,9.72,0.25,,3.39,1.60,11.88,0.59,0.44,0.21,3.52,0.22,0.37,21.35,11.38,66.62,68.81,31.86,57.73,61.73,63.29,2.36,40.56,67.34,64.87,63.07,71.28,44.09,2990,3.2472000,9709,109.48,164.47,5.37,6.79,96.72,11.10,1352.52,203.33,72.66,76.18,54.80,3.50,3.42,
709838,9/7/2022,UW Winter Cereal Pro,DANE,DANE-CAML,105,1,40,,,,,,1B,RH,N8,86.32,13.68,18.62,0.49,2.79,1.81,51.34,28.48,57.05,54.95,2.32,78.87,89.88,10.52,9.71,0.25,,3.28,1.59,11.12,0.56,0.42,0.19,3.65,0.19,0.23,18.62,14.53,66.71,68.91,30.79,56.56,62.14,63.75,2.35,39.94,66.65,66.91,64.62,72.91,45.54,3107,3.1464000,9776,108.60,176.92,5.88,7.12,96.76,11.28,1390.86,211.41,74.90,74.32,54.88,4.76,2.98,
709839,9/7/2022,UW Winter Cereal Pro,DANE,DANE-CAML,201,2,120,,,,,,1B,RH,N8,85.13,14.87,20.86,0.47,3.13,1.97,51.34,27.36,54.97,53.65,2.26,73.81,86.47,11.67,10.90,0.25,,3.23,1.58,9.87,0.56,0.40,0.23,2.96,0.22,0.39,20.86,15.01,67.59,69.90,32.37,58.29,63.93,65.74,2.43,43.10,70.18,65.95,65.74,72.54,45.21,3145,2.8253000,8886,114.22,171.18,5.03,6.51,97.03,11.30,1369.44,226.26,70.55,74.58,55.64,4.09,3.34,
709840,9/7/2022,UW Winter Cereal Pro,DANE,DANE-CAML,202,2,40,,,,,,1B,RH,N8,85.43,14.57,17.86,0.41,2.68,1.83,51.57,28.56,57.36,55.58,2.05,76.54,88.40,12.45,11.59,0.25,,3.16,1.49,9.78,0.47,0.40,0.20,2.93,0.20,0.37,17.86,16.12,66.65,68.85,30.42,56.15,63.81,65.61,2.40,41.74,68.65,66.83,65.51,72.47,45.14,3149,2.7683000,8717,107.98,177.02,5.30,6.81,96.85,11.26,1389.24,224.90,72.84,74.03,54.83,4.42,2.86,
709841,9/7/2022,UW Winter Cereal Pro,DANE,DANE-CAML,203,2,80,,,,,,1B,RH,N8,86.18,13.82,20.78,0.47,3.12,1.85,50.29,27.58,55.46,53.61,2.10,76.74,88.94,11.38,10.60,0.25,,3.32,1.64,10.96,0.57,0.42,0.21,3.37,0.22,0.33,20.78,13.86,67.42,69.71,32.15,58.05,63.23,64.96,2.41,42.22,69.19,66.34,64.96,73.05,45.66,3115,2.4876000,7749,112.89,173.40,5.40,6.73,97.21,11.36,1378.26,211.64,73.12,74.62,55.49,3.50,3.32,4732
709842,9/7/2022,UW Winter Cereal Pro,DANE,DANE-CAML,204,2,0,,,,,,1B,RH,N8,84.64,15.36,16.48,0.48,2.47,1.84,44.96,29.10,57.27,55.85,2.33,76.67,89.17,10.49,9.96,0.25,,3.32,1.65,10.65,0.47,0.42,0.17,3.66,0.19,0.35,16.48,16.21,66.23,68.38,30.00,55.70,62.39,64.03,2.33,39.37,66.01,66.23,64.62,71.07,43.90,3092,2.9184000,9024,107.82,171.69,5.47,6.66,97.15,11.06,1373.76,234.46,73.30,71.16,54.46,6.47,2.64,1770
709843,9/7/2022,UW Winter Cereal Pro,DANE,DANE-CAML,205,2,160,,,,,,1B,RH,N8,85.39,14.61,22.76,0.41,3.41,1.75,51.63,25.74,51.20,49.90,1.70,76.49,87.70,13.07,12.28,0.25,,3.28,1.63,10.76,0.55,0.44,0.21,3.37,0.24,0.33,22.76,15.70,68.85,71.30,34.52,60.65,65.30,67.27,2.50,45.60,72.98,67.28,66.68,75.17,47.54,3224,2.6298000,8478,124.89,175.53,5.20,6.98,97.63,11.65,1395.18,226.48,72.67,75.97,56.73,3.50,3.64,2899
709844,9/7/2022,UW Winter Cereal Pro,DANE,DANE-CAML,301,3,0,,,,,,1B,RH,N8,85.56,14.44,19.17,0.44,2.88,1.90,53.94,28.63,56.55,54.94,2.20,73.43,86.09,10.98,10.24,0.25,,3.14,1.48,10.67,0.54,0.39,0.21,3.16,0.21,0.45,19.17,14.64,66.60,68.79,31.18,56.98,62.79,64.47,2.37,41.00,67.82,64.54,63.91,69.87,42.83,3024,3.1768000,9607,109.45,164.50,4.92,6.50,96.98,10.95,1345.14,215.82,70.09,75.06,54.78,4.41,3.07,4393
709845,9/7/2022,UW Winter Cereal Pro,DANE,DANE-CAML,302,3,80,,,,,,1B,RH,N8,86.10,13.90,21.11,0.44,3.17,1.96,52.20,26.31,53.91,51.96,1.80,76.50,87.55,12.37,11.50,0.25,,3.36,1.66,11.35,0.59,0.42,0.23,3.01,0.23,0.49,21.11,14.88,68.40,70.80,32.87,58.84,64.00,65.82,2.44,43.32,70.42,66.32,65.21,73.17,45.77,3129,2.7800000,8699,118.24,173.84,5.22,7.02,97.02,11.34,1375.92,212.50,72.62,74.99,56.35,3.50,3.38,3556
709846,9/7/2022,UW Winter Cereal Pro,DANE,DANE-CAML,303,3,40,,,,,,1B,RH,N8,86.35,13.65,20.27,0.48,3.04,1.95,44.65,26.74,52.60,51.03,1.86,77.35,89.24,11.36,10.61,0.25,,3.38,1.70,11.40,0.64,0.43,0.22,3.21,0.24,0.36,20.27,16.55,68.07,70.43,33.14,59.13,64.05,65.87,2.43,43.02,70.08,67.00,65.85,73.74,46.28,3176,3.1395000,9971,120.31,175.09,5.41,6.83,96.96,11.41,1386.72,210.32,73.58,72.26,56.06,5.94,3.24,
709847,9/7/2022,UW Winter Cereal Pro,DANE,DANE-CAML,304,3,160,,,,,,1B,RH,N8,85.41,14.59,19.69,0.45,2.95,1.85,50.48,27.74,55.93,54.25,2.12,76.92,88.92,12.22,11.31,0.25,,3.28,1.58,10.07,0.53,0.41,0.20,3.26,0.21,0.33,19.69,15.26,67.29,69.56,31.61,57.45,63.83,65.63,2.42,42.51,69.51,67.11,65.85,73.64,46.18,3174,3.5016000,11114,112.15,177.47,5.43,6.79,97.06,11.42,1393.38,225.88,73.32,74.31,55.38,3.79,3.15,3658
709848,9/7/2022,UW Winter Cereal Pro,DANE,DANE-CAML,305,3,120,,,,,,1B,RH,N8,86.68,13.32,21.12,0.42,3.17,1.85,51.94,27.03,53.14,51.93,1.76,78.16,89.52,11.76,11.16,0.25,,3.36,1.72,11.52,0.55,0.44,0.20,3.48,0.23,0.39,21.12,14.56,67.84,70.17,33.19,59.19,64.00,65.82,2.44,43.33,70.43,66.98,65.38,74.07,46.57,3152,3.0636000,9656,118.85,172.99,5.46,7.00,97.11,11.49,1388.52,205.50,74.34,75.28,55.86,3.55,3.38,
709849,9/7/2022,UW Winter Cereal Pro,DANE,DANE-CAML,401,4,160,,,,,,1B,RH,N8,86.18,13.82,22.64,0.45,3.40,2.04,55.52,27.29,54.17,52.27,1.92,76.47,88.69,11.16,10.47,0.25,,3.44,1.67,11.26,0.59,0.42,0.23,3.15,0.24,0.49,22.64,13.20,67.64,69.95,33.27,59.28,63.81,65.61,2.45,43.70,70.85,66.27,65.13,73.75,46.28,3124,2.7640000,8635,116.40,172.34,5.28,6.72,97.01,11.46,1375.92,211.28,72.80,76.29,55.68,3.50,3.62,4608
709850,9/7/2022,UW Winter Cereal Pro,DANE,DANE-CAML,402,4,0,,,,,,1B,RH,N8,85.83,14.17,19.03,0.43,2.85,1.85,49.19,27.42,54.41,52.50,1.93,77.79,90.10,12.25,11.53,0.25,,3.37,1.66,10.50,0.50,0.42,0.21,3.13,0.21,0.38,19.03,17.16,67.54,69.84,31.99,57.87,64.36,66.22,2.43,42.91,69.97,67.69,66.43,74.16,46.64,3217,2.6923000,8661,115.71,181.23,5.49,6.75,97.20,11.48,1401.12,220.60,73.99,73.65,55.60,5.66,3.04,4805
709851,9/7/2022,UW Winter Cereal Pro,DANE,DANE-CAML,403,4,120,,,,,,1B,RH,N8,85.64,14.36,20.32,0.44,3.05,1.81,52.36,28.08,56.64,54.87,2.20,76.45,87.86,12.32,11.46,0.25,,3.15,1.55,10.16,0.49,0.41,0.20,3.16,0.21,0.36,20.32,13.91,67.03,69.27,31.51,57.35,63.39,65.14,2.41,42.23,69.20,66.54,65.23,73.13,45.73,3130,2.5848000,8090,110.16,174.70,5.38,6.92,97.20,11.37,1384.56,220.91,72.75,75.29,55.15,3.50,3.25,
709852,9/7/2022,UW Winter Cereal Pro,DANE,DANE-CAML,404,4,40,,,,,,1B,RH,N8,83.52,16.48,18.74,0.42,2.81,1.88,47.87,27.49,53.92,52.38,1.87,78.69,90.00,11.90,11.31,0.25,,3.39,1.70,10.56,0.51,0.43,0.19,3.52,0.22,0.33,18.74,17.50,67.49,69.78,32.10,57.99,64.52,66.40,2.43,43.00,70.06,68.15,66.68,74.67,47.10,3239,3.4608000,11210,116.67,181.42,5.61,7.03,97.42,11.52,1409.04,258.01,74.65,73.00,55.55,6.35,3.00,
709853,9/7/2022,UW Winter Cereal Pro,DANE,DANE-CAML,405,4,80,,,,,,1B,RH,N8,86.20,13.80,17.54,0.46,2.63,1.86,49.83,29.03,56.56,54.78,2.23,76.32,88.43,10.73,10.22,0.25,,3.36,1.62,10.74,0.48,0.43,0.17,3.66,0.20,0.37,17.54,16.18,66.29,68.45,30.63,56.39,62.80,64.48,2.36,40.34,67.09,66.17,64.80,71.44,44.23,3102,2.7600000,8562,108.94,172.60,5.38,6.74,97.27,11.10,1373.22,210.56,72.63,73.18,54.51,6.20,2.81,3526
709854,9/7/2022,UW Winter Cereal Pro,OUTAGAMIE 2,ONEIDA NATION FARM,101,1,80,,,,,,1B,BN,N8,83.96,16.04,12.85,0.34,1.93,1.72,37.98,26.67,50.77,49.51,1.77,80.77,91.64,17.58,16.45,0.25,,3.22,1.54,7.52,0.38,0.37,0.20,2.63,0.14,0.33,12.85,29.30,68.12,70.49,31.45,57.28,68.20,70.50,2.49,45.13,72.46,72.83,72.45,78.52,50.49,3625,1.2809544,4643,124.62,209.09,5.99,7.23,96.29,11.94,1493.28,266.14,76.67,67.21,56.10,12.47,2.06,392
709855,9/7/2022,UW Winter Cereal Pro,OUTAGAMIE 2,ONEIDA NATION FARM,102,1,160,,,,,,1B,BN,N8,84.81,15.19,14.32,0.36,2.15,1.79,42.88,26.72,51.71,49.81,1.75,80.16,91.35,17.17,16.04,0.25,,3.03,1.44,7.55,0.38,0.38,0.20,2.70,0.16,0.26,14.32,27.67,68.09,70.45,31.55,57.38,68.04,70.32,2.50,45.52,72.89,72.29,71.94,78.39,50.38,3588,1.5714815,5638,122.46,211.34,5.85,7.12,96.48,11.96,1486.26,250.85,76.67,69.50,56.07,11.25,2.29,447
709856,9/7/2022,UW Winter Cereal Pro,OUTAGAMIE 2,ONEIDA NATION FARM,103,1,0,,,,,,1B,BN,N8,82.22,17.78,9.26,0.34,1.39,1.53,37.04,27.56,54.27,52.63,2.28,78.43,90.42,19.35,17.84,0.52,,2.95,1.36,6.58,0.21,0.33,0.17,2.55,0.10,0.35,9.26,30.70,67.43,69.72,28.82,54.41,66.92,69.07,2.40,42.08,69.03,71.85,71.71,75.67,47.98,3562,1.1617452,4138,115.52,193.14,5.85,6.85,96.65,11.57,1477.26,291.84,74.77,64.42,55.50,11.83,1.48,162
709857,9/7/2022,UW Winter Cereal Pro,OUTAGAMIE 2,ONEIDA NATION FARM,104,1,120,,,,,,1B,BN,N8,85.35,14.65,15.12,0.39,2.27,1.94,44.97,26.59,52.20,50.81,1.83,80.87,91.48,16.46,15.39,0.25,,3.09,1.47,8.02,0.36,0.38,0.19,2.90,0.17,0.43,15.12,25.52,68.19,70.56,31.61,57.45,67.21,69.39,2.48,44.82,72.10,71.94,71.06,78.26,50.27,3536,1.7283338,6111,121.58,205.39,6.01,7.30,96.89,11.93,1480.68,241.02,76.80,69.97,56.16,9.81,2.42,
709858,9/7/2022,UW Winter Cereal Pro,OUTAGAMIE 2,ONEIDA NATION FARM,105,1,40,,,,,,1B,BN,N8,82.19,17.81,10.06,0.35,1.51,1.59,42.05,26.49,51.11,49.53,2.08,78.46,90.91,19.50,18.04,0.25,,3.01,1.36,6.75,0.28,0.33,0.17,2.47,0.11,0.34,10.06,32.89,68.26,70.64,30.39,56.12,68.00,70.27,2.45,43.73,70.88,72.45,72.87,76.82,49.00,3637,0.9374294,3409,124.35,198.71,5.80,6.74,96.45,11.71,1486.44,294.15,74.78,66.63,56.23,14.14,1.61,
709859,9/7/2022,UW Winter Cereal Pro,OUTAGAMIE 2,ONEIDA NATION FARM,201,2,120,,,,,,1B,BN,N8,85.04,14.96,14.49,0.36,2.17,1.81,39.96,25.01,47.47,46.40,1.58,83.71,93.43,18.32,17.05,0.25,,3.06,1.55,7.72,0.41,0.39,0.21,2.77,0.17,0.26,14.49,30.65,69.42,71.93,33.36,59.37,69.26,71.68,2.54,47.07,74.64,74.52,74.03,81.46,53.07,3745,1.3304676,4983,136.15,217.78,6.51,7.67,96.85,12.34,1524.96,253.48,79.21,68.56,57.23,13.08,2.32,
709860,9/7/2022,UW Winter Cereal Pro,OUTAGAMIE 2,ONEIDA NATION FARM,202,2,40,,,,,,1B,BN,N8,82.80,17.20,10.06,0.33,1.51,1.60,40.85,27.16,52.77,51.36,1.94,80.45,91.80,19.69,18.26,0.25,,2.83,1.33,6.64,0.22,0.33,0.18,2.44,0.11,0.32,10.06,31.21,67.74,70.06,29.71,55.38,67.90,70.16,2.45,43.62,70.75,72.98,72.53,77.54,49.63,3628,1.1550660,4191,119.20,201.83,6.01,7.09,96.58,11.83,1499.76,286.62,76.43,66.18,55.77,12.27,1.61,
709861,9/7/2022,UW Winter Cereal Pro,OUTAGAMIE 2,ONEIDA NATION FARM,203,2,80,,,,,,1B,BN,N8,84.49,15.51,12.14,0.35,1.82,1.85,40.20,27.91,54.16,53.11,2.05,77.59,89.42,17.29,16.00,0.25,,2.90,1.39,7.47,0.29,0.35,0.19,2.80,0.15,0.46,12.14,26.74,67.16,69.42,29.82,55.50,66.56,68.67,2.42,42.81,69.85,70.43,70.15,74.96,47.35,3455,1.8579429,6419,115.58,194.31,5.52,6.86,96.68,11.52,1451.34,250.11,74.20,66.58,55.27,10.20,1.94,191
709862,9/7/2022,UW Winter Cereal Pro,OUTAGAMIE 2,ONEIDA NATION FARM,204,2,0,,,,,,1B,BN,N8,83.69,16.31,9.88,0.31,1.48,1.79,40.99,27.84,55.28,54.37,2.04,79.00,91.08,18.65,17.45,0.25,,2.74,1.35,7.58,0.20,0.34,0.16,2.72,0.11,0.55,9.88,27.61,67.21,69.47,28.62,54.19,66.08,68.13,2.38,41.30,68.16,70.73,69.78,74.41,46.87,3441,1.4505299,4991,113.06,185.69,5.73,6.85,96.53,11.46,1458.00,264.22,75.48,64.67,55.31,9.71,1.58,129
709863,9/7/2022,UW Winter Cereal Pro,OUTAGAMIE 2,ONEIDA NATION FARM,205,2,160,,,,,,1B,BN,N8,86.50,13.50,18.66,0.34,2.80,1.92,48.93,26.25,51.23,50.15,1.68,80.52,91.33,16.96,15.79,0.25,,3.15,1.61,7.81,0.40,0.39,0.22,2.75,0.20,0.38,18.66,22.69,68.45,70.85,33.17,59.17,68.19,70.48,2.56,47.47,75.09,72.13,71.55,80.00,51.79,3565,2.2297275,7949,124.17,203.46,5.85,7.23,97.04,12.25,1483.56,222.53,76.64,73.19,56.39,6.48,2.99,1016
709864,9/7/2022,UW Winter Cereal Pro,OUTAGAMIE 2,ONEIDA NATION FARM,301,3,0,,,,,,1B,BN,N8,80.98,19.02,9.17,0.37,1.38,1.54,42.20,27.67,54.19,52.76,2.23,78.85,90.75,20.17,18.54,0.34,,2.78,1.28,6.68,0.21,0.31,0.17,2.25,0.10,0.38,9.17,30.65,67.35,69.63,28.83,54.42,66.76,68.89,2.40,41.82,68.74,71.83,71.49,75.60,47.92,3550,0.8285112,2941,115.38,191.35,5.89,6.89,96.43,11.57,1478.88,312.54,75.25,65.88,55.43,11.14,1.47,159
709865,9/7/2022,UW Winter Cereal Pro,OUTAGAMIE 2,ONEIDA NATION FARM,302,3,80,,,,,,1B,BN,N8,84.14,15.86,11.55,0.32,1.73,1.78,39.05,26.66,51.74,49.84,1.87,79.45,91.19,18.54,17.38,0.25,,2.85,1.39,6.77,0.28,0.35,0.20,2.56,0.14,0.33,11.55,31.23,68.13,70.50,30.62,56.38,68.48,70.81,2.48,44.94,72.24,72.80,72.92,77.93,49.97,3647,1.5832245,5774,122.53,209.37,5.81,6.95,96.94,11.90,1493.82,263.24,76.33,66.07,56.11,13.44,1.85,160
709866,9/7/2022,UW Winter Cereal Pro,OUTAGAMIE 2,ONEIDA NATION FARM,303,3,40,,,,,,1B,BN,N8,83.56,16.44,10.90,0.32,1.64,1.72,40.64,26.38,51.50,50.39,1.80,81.46,92.74,19.67,18.19,0.25,,2.91,1.41,6.51,0.26,0.34,0.19,2.39,0.13,0.32,10.90,31.51,68.35,70.74,30.50,56.24,68.73,71.09,2.49,44.99,72.29,73.87,73.45,79.10,51.00,3694,1.1637054,4299,123.45,208.38,6.12,7.14,96.53,12.04,1514.70,276.69,77.59,66.28,56.30,12.59,1.74,
709867,9/7/2022,UW Winter Cereal Pro,OUTAGAMIE 2,ONEIDA NATION FARM,304,3,160,,,,,,1B,BN,N8,85.73,14.27,17.07,0.33,2.56,1.77,41.89,23.83,46.20,44.46,1.35,82.41,91.90,18.29,17.07,0.25,,3.05,1.51,7.84,0.51,0.37,0.24,2.66,0.20,0.34,17.07,29.89,70.34,72.96,34.73,60.87,70.17,72.69,2.61,49.20,77.05,74.10,74.24,81.96,53.50,3751,1.3468026,5052,141.77,218.41,6.09,7.70,97.04,12.44,1518.12,240.71,78.58,70.79,58.02,12.35,2.73,858
709868,9/7/2022,UW Winter Cereal Pro,OUTAGAMIE 2,ONEIDA NATION FARM,305,3,120,,,,,,1B,BN,N8,84.80,15.20,13.30,0.32,2.00,1.80,37.74,26.55,51.87,50.85,1.71,81.18,92.17,17.43,16.27,0.25,,3.00,1.46,7.42,0.37,0.36,0.21,2.73,0.16,0.28,13.30,27.77,68.22,70.60,31.14,56.94,68.04,70.32,2.49,45.12,72.44,72.71,71.95,78.53,50.50,3595,1.7932200,6447,122.16,207.55,5.98,7.21,96.93,11.99,1494.18,252.35,77.11,67.07,56.18,11.09,2.13,
709869,9/7/2022,UW Winter Cereal Pro,OUTAGAMIE 2,ONEIDA NATION FARM,401,4,160,,,,,,1B,BN,N8,84.31,15.69,12.97,0.33,1.95,1.76,38.63,24.73,47.26,46.31,1.45,84.65,94.95,19.38,18.23,0.25,,3.11,1.60,7.37,0.35,0.37,0.20,2.58,0.15,0.30,12.97,32.51,69.64,72.18,32.95,58.92,69.96,72.46,2.55,47.32,74.92,75.40,74.87,82.00,53.54,3806,1.3099581,4986,137.12,220.03,6.59,7.53,96.81,12.41,1539.36,268.36,80.20,67.31,57.42,13.88,2.08,201
709870,9/7/2022,UW Winter Cereal Pro,OUTAGAMIE 2,ONEIDA NATION FARM,402,4,0,,,,,,1B,BN,N8,81.11,18.89,8.82,0.31,1.32,1.41,37.64,26.98,53.27,51.83,2.06,79.78,92.32,21.20,19.52,1.14,,2.99,1.43,6.33,0.20,0.32,0.17,2.27,0.11,0.33,8.82,32.00,67.88,70.22,29.08,54.69,67.90,70.16,2.43,43.13,70.21,73.00,72.76,77.05,49.20,3638,0.4114242,1497,118.40,194.70,5.97,6.77,96.56,11.76,1497.42,314.29,76.22,64.97,55.89,10.66,1.41,143
709871,9/7/2022,UW Winter Cereal Pro,OUTAGAMIE 2,ONEIDA NATION FARM,403,4,120,,,,,,1B,BN,N8,84.66,15.34,13.92,0.30,2.09,1.71,39.87,24.54,47.70,46.71,1.51,82.72,93.13,19.31,18.02,0.25,,3.00,1.56,7.54,0.37,0.36,0.21,2.57,0.16,0.38,13.92,30.98,69.78,72.33,33.07,59.05,69.55,72.00,2.55,47.22,74.81,74.24,73.97,80.85,52.54,3735,1.5869997,5927,136.31,215.46,6.23,7.43,96.89,12.30,1519.02,258.91,78.55,68.68,57.54,12.42,2.23,
709872,9/7/2022,UW Winter Cereal Pro,OUTAGAMIE 2,ONEIDA NATION FARM,404,4,40,,,,,,1B,BN,N8,84.09,15.91,10.95,0.31,1.64,1.81,37.35,26.75,53.82,52.80,1.82,78.37,90.78,18.16,16.97,0.25,,2.87,1.37,7.17,0.25,0.33,0.19,2.50,0.14,0.54,10.95,28.52,68.06,70.42,29.57,55.23,67.40,69.60,2.44,43.38,70.49,71.20,70.87,75.50,47.83,3507,1.4438325,5064,117.65,193.33,5.52,6.75,96.74,11.60,1465.38,259.05,74.80,64.69,56.05,11.11,1.75,
709873,9/7/2022,UW Winter Cereal Pro,OUTAGAMIE 2,ONEIDA NATION FARM,405,4,80,,,,,,1B,BN,N8,84.40,15.60,10.87,0.29,1.63,1.81,38.18,27.18,53.36,52.14,1.85,79.25,90.70,18.38,17.24,0.25,,2.94,1.41,6.88,0.23,0.34,0.18,2.56,0.14,0.52,10.87,29.51,67.73,70.05,29.74,55.41,67.86,70.12,2.46,43.93,71.10,72.11,71.80,76.71,48.89,3573,1.6705260,5969,118.13,199.94,5.70,7.02,96.87,11.73,1481.40,256.78,75.43,64.88,55.76,11.88,1.74,142
709881,9/7/2022,UW Winter Cereal Pro,MARATHON,MARS,101,1,80,,,,,,1B,RH,N8,88.01,11.99,16.56,0.48,2.48,2.08,39.01,28.53,54.52,51.96,1.92,78.52,90.22,10.58,9.76,0.25,,3.75,1.77,10.40,0.51,0.41,0.21,3.41,0.24,0.85,16.56,20.39,66.68,68.88,31.14,56.94,64.71,66.61,2.41,42.31,69.29,68.58,67.40,74.34,46.80,3284,2.7816800,9135,113.72,188.97,5.62,6.92,96.58,11.38,1411.92,188.10,74.73,68.24,54.85,10.56,2.65,506
709882,9/7/2022,UW Winter Cereal Pro,MARATHON,MARS,102,1,160,,,,,,1B,RH,N8,88.22,11.78,16.72,0.41,2.51,2.04,43.18,27.13,50.77,49.03,1.47,80.87,91.94,13.41,12.46,0.25,,3.75,1.83,9.75,0.45,0.43,0.20,3.31,0.24,0.91,16.72,23.71,67.77,70.10,32.72,58.67,67.21,69.39,2.50,45.49,72.85,71.03,70.09,77.73,49.80,3473,1.4960600,5196,123.98,199.01,5.79,7.17,96.58,11.83,1455.66,190.53,76.81,69.88,55.79,11.05,2.67,320
709883,9/7/2022,UW Winter Cereal Pro,MARATHON,MARS,103,1,0,,,,,,1B,RH,N8,83.15,16.85,9.84,0.37,1.48,1.48,42.68,26.15,50.52,49.08,1.95,79.16,91.59,20.11,18.59,0.25,,3.08,1.39,6.73,0.22,0.33,0.15,2.32,0.12,0.59,9.84,33.44,68.53,70.94,30.56,56.30,68.38,70.70,2.46,44.10,71.29,72.91,73.24,77.36,49.47,3665,0.7919500,2902,126.44,198.83,5.85,6.77,96.50,11.77,1494.72,279.84,75.49,67.34,56.46,14.08,1.57,140
709884,9/7/2022,UW Winter Cereal Pro,MARATHON,MARS,104,1,120,,,,,,1B,RH,N8,87.85,12.15,16.53,0.40,2.48,2.03,38.96,26.78,49.95,47.93,1.43,81.14,91.74,14.43,13.34,0.25,,3.62,1.77,9.42,0.45,0.43,0.19,3.58,0.25,0.84,16.53,25.38,68.04,70.40,33.00,58.97,67.84,70.09,2.52,46.17,73.63,71.66,70.98,78.49,50.47,3532,1.8468000,6523,126.59,204.66,5.83,7.32,97.15,11.92,1467.72,198.14,77.08,68.45,56.03,11.70,2.65,
709885,9/7/2022,UW Winter Cereal Pro,MARATHON,MARS,105,1,40,,,,,,1B,RH,N8,85.78,14.22,14.87,0.39,2.23,1.79,39.88,25.03,46.92,45.10,1.58,81.73,92.79,17.82,16.48,0.25,,3.37,1.62,8.18,0.40,0.39,0.19,2.99,0.21,0.64,14.87,31.02,69.40,71.91,33.71,59.76,69.20,71.61,2.55,47.14,74.72,73.60,73.73,80.39,52.13,3714,1.1802600,4383,137.72,217.22,6.14,7.21,97.09,12.17,1504.44,237.70,77.78,68.86,57.21,13.95,2.38,
709886,9/7/2022,UW Winter Cereal Pro,MARATHON,MARS,201,2,120,,,,,,1B,RH,N8,85.65,14.35,11.06,0.34,1.66,1.80,43.13,28.60,54.63,52.77,1.90,80.03,91.72,15.41,14.32,0.25,,3.06,1.38,8.18,0.26,0.35,0.17,2.92,0.15,0.72,11.06,27.41,66.62,68.81,29.28,54.91,66.23,68.30,2.40,41.96,68.90,71.00,69.88,75.28,47.64,3454,2.6117000,9021,113.62,196.92,5.86,6.98,96.47,11.52,1463.04,233.27,76.25,66.74,54.80,12.75,1.77,
709887,9/7/2022,UW Winter Cereal Pro,MARATHON,MARS,202,2,40,,,,,,1B,RH,N8,85.73,14.27,13.17,0.37,1.98,1.72,42.22,25.75,48.02,46.80,1.63,80.15,90.41,18.19,16.76,0.25,,3.25,1.55,7.88,0.36,0.36,0.18,2.95,0.19,0.77,13.17,31.32,68.84,71.29,32.70,58.64,68.83,71.20,2.52,46.02,73.45,72.84,73.06,78.67,50.62,3660,1.7552100,6424,133.41,208.16,5.84,7.38,96.82,11.92,1490.94,236.40,76.32,68.83,56.73,13.88,2.11,
709888,9/7/2022,UW Winter Cereal Pro,MARATHON,MARS,203,2,80,,,,,,1B,RH,N8,86.73,13.27,13.80,0.37,2.07,1.89,38.77,26.84,51.14,49.80,1.70,79.12,90.62,15.80,14.69,0.25,,3.31,1.59,8.08,0.35,0.39,0.18,3.22,0.20,0.71,13.80,27.62,67.99,70.34,31.60,57.45,67.82,70.07,2.49,45.04,72.35,71.54,71.37,77.17,49.31,3544,2.1630100,7666,123.86,203.02,5.63,7.00,97.01,11.77,1467.36,216.35,75.52,67.29,55.99,12.57,2.21,214
709889,9/7/2022,UW Winter Cereal Pro,MARATHON,MARS,204,2,0,,,,,,1B,RH,N8,82.84,17.16,9.69,0.38,1.45,1.46,38.60,26.08,50.18,48.70,2.03,77.76,90.76,21.40,19.76,0.45,,2.98,1.37,6.20,0.20,0.32,0.15,2.38,0.11,0.51,9.69,34.50,68.58,71.00,30.66,56.41,68.79,71.15,2.47,44.54,71.79,72.89,73.82,77.26,49.39,3693,1.1154000,4119,127.06,198.66,5.66,6.59,96.80,11.77,1493.46,284.75,74.40,65.97,56.50,13.65,1.55,126
709890,9/7/2022,UW Winter Cereal Pro,MARATHON,MARS,205,2,160,,,,,,1B,RH,N8,87.14,12.86,19.75,0.45,2.96,1.93,41.16,25.32,45.71,44.32,1.33,82.02,92.08,15.59,14.32,0.25,,3.69,1.88,9.64,0.53,0.45,0.22,3.44,0.27,0.78,19.75,25.34,69.18,71.67,35.79,62.05,68.88,71.25,2.59,48.70,76.48,72.56,72.35,81.04,52.70,3626,1.2088400,4383,141.04,204.44,5.99,7.50,96.92,12.28,1483.02,211.91,78.06,71.01,57.02,10.50,3.16,780
709891,9/7/2022,UW Winter Cereal Pro,MARATHON,MARS,301,3,0,,,,,,1B,RH,N8,83.71,16.29,10.18,0.34,1.53,1.73,40.96,28.94,57.84,56.45,2.22,77.06,89.18,17.46,16.04,0.30,,2.84,1.29,6.96,0.20,0.33,0.16,2.57,0.13,0.67,10.18,25.85,66.36,68.53,27.67,53.16,65.65,67.66,2.37,40.87,67.68,69.74,69.10,73.18,45.77,3384,1.4823900,5016,106.48,186.78,5.46,6.77,96.47,11.28,1441.62,260.93,73.74,65.46,54.57,9.09,1.63,170
709892,9/7/2022,UW Winter Cereal Pro,MARATHON,MARS,302,3,80,,,,,,1B,RH,N8,86.57,13.43,14.53,0.41,2.18,1.90,39.99,26.30,50.44,48.88,1.59,80.65,91.47,16.55,15.08,0.25,,3.30,1.59,8.34,0.39,0.38,0.20,3.05,0.21,0.79,14.53,27.56,68.41,70.81,32.14,58.03,68.00,70.27,2.50,45.55,72.92,72.14,71.68,78.29,50.29,3574,1.9070600,6816,126.21,207.39,5.84,7.24,96.44,11.90,1479.60,220.79,76.85,68.14,56.35,11.76,2.32,184
709893,9/7/2022,UW Winter Cereal Pro,MARATHON,MARS,303,3,40,,,,,,1B,RH,N8,84.76,15.24,11.71,0.40,1.76,1.60,37.75,26.18,49.85,48.71,1.86,77.48,89.78,19.02,17.42,0.25,,3.11,1.42,7.16,0.31,0.36,0.16,2.79,0.16,0.67,11.71,31.60,68.51,70.92,31.45,57.28,68.31,70.62,2.48,44.76,72.04,71.82,72.51,76.67,48.86,3607,1.3258800,4782,127.99,200.06,5.49,6.74,96.57,11.69,1473.66,249.54,74.18,66.84,56.44,13.33,1.87,
709894,9/7/2022,UW Winter Cereal Pro,MARATHON,MARS,304,3,160,,,,,,1B,RH,N8,88.12,11.88,18.81,0.41,2.82,2.06,38.01,26.17,50.15,48.57,1.46,80.17,90.65,13.70,12.64,0.25,,3.66,1.78,9.34,0.50,0.43,0.21,3.50,0.27,0.81,18.81,22.56,68.51,70.92,33.65,59.69,67.74,69.98,2.54,46.97,74.52,71.08,70.50,78.66,50.62,3495,1.5919200,5564,126.93,198.56,5.67,7.31,97.34,11.97,1458.54,192.53,76.23,69.14,56.44,9.61,3.01,1048
709895,9/7/2022,UW Winter Cereal Pro,MARATHON,MARS,305,3,120,,,,,,1B,RH,N8,85.15,14.85,14.73,0.45,2.21,1.63,41.82,24.18,44.22,42.66,1.43,82.09,92.05,20.47,18.71,0.42,,3.54,1.72,7.89,0.38,0.39,0.18,2.72,0.20,0.76,14.73,33.63,70.06,72.65,34.78,60.94,70.44,72.99,2.59,48.55,76.32,74.66,75.35,81.75,53.32,3820,1.3513500,5162,147.18,221.73,6.15,7.54,96.49,12.29,1520.46,250.88,78.05,70.14,57.79,13.74,2.36,
709896,9/7/2022,UW Winter Cereal Pro,MARATHON,MARS,401,4,160,,,,,,1B,RH,N8,87.55,12.45,20.32,0.41,3.05,2.07,42.77,25.11,47.32,45.87,1.33,80.64,91.76,14.70,13.46,0.25,,3.66,1.89,9.69,0.51,0.45,0.23,3.55,0.28,0.94,20.32,23.30,69.34,71.84,35.31,61.51,68.54,70.87,2.59,48.54,76.30,71.62,71.40,80.03,51.81,3556,1.4068500,5003,136.53,200.13,5.71,7.15,96.95,12.20,1465.74,202.76,76.88,71.27,57.16,9.35,3.25,1258
709897,9/7/2022,UW Winter Cereal Pro,MARATHON,MARS,402,4,0,,,,,,1B,RH,N8,83.17,16.83,10.83,0.35,1.62,1.53,39.24,25.50,49.43,48.20,1.73,81.12,92.95,20.53,19.01,0.25,,3.11,1.43,6.58,0.23,0.35,0.16,2.45,0.13,0.52,10.83,33.49,69.04,71.51,31.34,57.15,69.32,71.74,2.50,45.66,73.05,74.13,74.21,79.42,51.28,3741,0.8583300,3211,130.05,208.59,6.07,6.99,96.74,12.05,1517.76,283.82,77.18,66.96,56.90,13.71,1.73,180
709898,9/7/2022,UW Winter Cereal Pro,MARATHON,MARS,403,4,120,,,,,,1B,RH,N8,85.54,14.46,18.91,0.46,2.84,1.88,40.14,22.66,40.96,39.72,1.10,84.49,94.61,19.33,17.85,0.25,,3.77,1.89,8.78,0.49,0.43,0.21,2.95,0.25,0.74,18.91,31.58,71.25,73.97,37.50,63.94,71.39,74.05,2.67,51.33,79.47,75.32,75.93,84.35,55.59,3873,0.8965200,3472,161.83,220.44,6.39,7.58,97.13,12.69,1531.08,245.99,80.25,70.53,58.82,13.00,3.02,
709899,9/7/2022,UW Winter Cereal Pro,MARATHON,MARS,404,4,40,,,,,,1B,RH,N8,84.23,15.77,13.33,0.42,2.00,1.59,38.93,23.58,42.25,41.00,1.57,79.29,90.54,22.65,20.60,0.84,,3.38,1.62,7.88,0.37,0.38,0.17,2.77,0.20,0.78,13.33,36.76,70.53,73.17,35.16,61.35,70.46,73.01,2.57,48.03,75.72,73.95,75.58,80.21,51.98,3817,0.9777400,3732,155.28,213.07,5.80,7.07,96.90,12.09,1505.34,263.77,75.79,68.54,58.19,14.27,2.13,
709900,9/7/2022,UW Winter Cereal Pro,MARATHON,MARS,405,4,80,,,,,,1B,RH,N8,83.25,16.75,11.45,0.42,1.72,1.40,42.97,23.60,42.69,41.19,1.77,79.56,90.94,24.07,21.85,1.18,,3.33,1.56,6.90,0.30,0.36,0.16,2.48,0.16,0.69,11.45,39.30,70.52,73.16,34.36,60.47,70.81,73.40,2.56,47.69,75.34,74.93,76.76,80.75,52.45,3895,0.9045000,3523,153.61,215.02,6.04,7.04,96.63,12.13,1524.24,283.68,75.95,69.52,58.18,15.05,1.83,177
709901,9/7/2022,UW Winter Cereal Pro,OCONTO,GILLETT,101,1,80,,,,,,1B,TR,N8,85.37,14.63,18.23,0.46,2.73,1.72,40.70,25.94,47.58,45.86,1.61,83.34,93.35,13.69,12.78,0.25,,3.54,1.84,9.94,0.58,0.44,0.22,3.59,0.21,0.18,18.23,24.85,68.69,71.12,34.53,60.65,67.44,69.65,2.52,46.35,73.83,72.45,71.45,80.26,52.02,3577,3.2478600,11618,134.19,205.59,6.48,7.57,96.46,12.19,1483.56,241.16,78.68,71.05,56.60,11.91,2.92,952
709902,9/7/2022,UW Winter Cereal Pro,OCONTO,GILLETT,102,1,160,,,,,,1B,TR,N8,87.45,12.55,23.53,0.48,3.53,1.93,45.01,25.63,47.92,46.07,1.64,82.48,93.01,11.83,11.15,0.25,,3.84,1.94,10.55,0.67,0.47,0.25,3.66,0.26,0.23,23.53,18.84,68.93,71.39,36.10,62.39,66.98,69.14,2.57,47.92,75.60,71.35,70.29,81.00,52.66,3496,1.5562000,5440,133.59,197.53,6.31,7.39,97.12,12.34,1464.84,204.26,78.10,73.44,56.81,7.76,3.77,4664
709903,9/7/2022,UW Winter Cereal Pro,OCONTO,GILLETT,103,1,0,,,,,,1B,TR,N8,84.67,15.33,12.67,0.44,1.90,1.66,44.12,27.10,52.65,50.69,2.11,82.01,92.58,16.13,14.87,0.25,,2.94,1.42,8.43,0.36,0.37,0.18,3.30,0.13,0.30,12.67,27.45,67.79,70.12,30.62,56.38,66.02,68.07,2.41,42.32,69.30,72.09,70.77,77.43,49.53,3524,2.6367600,9292,119.81,206.58,6.50,7.35,96.59,11.80,1484.10,252.79,77.84,69.35,55.81,12.07,2.03,378
709904,9/7/2022,UW Winter Cereal Pro,OCONTO,GILLETT,104,1,120,,,,,,1B,TR,N8,86.34,13.66,20.62,0.50,3.09,1.79,42.24,25.60,47.99,46.29,1.72,81.68,91.36,12.77,11.92,0.25,,3.70,1.87,9.74,0.61,0.46,0.22,3.86,0.23,0.18,20.62,22.27,68.96,71.42,35.13,61.32,67.35,69.55,2.55,47.19,74.77,71.80,71.15,80.39,52.13,3547,2.4178200,8576,133.64,201.53,6.22,7.61,97.12,12.20,1472.04,223.42,77.14,72.14,56.83,10.25,3.30,
709905,9/7/2022,UW Winter Cereal Pro,OCONTO,GILLETT,105,1,40,,,,,,1B,TR,N8,86.29,13.71,19.84,0.49,2.98,1.84,44.20,25.30,48.17,46.54,1.87,79.61,90.48,12.35,11.58,0.25,,3.49,1.82,10.74,0.57,0.45,0.23,4.08,0.22,0.40,19.84,21.90,69.19,71.68,34.81,60.96,65.95,67.99,2.49,45.17,72.50,69.90,69.36,77.50,49.60,3418,2.0565000,7029,133.55,190.56,5.93,7.18,97.23,11.86,1435.86,218.73,75.65,72.34,57.03,10.30,3.17,
709906,9/7/2022,UW Winter Cereal Pro,OCONTO,GILLETT,201,2,120,,,,,,1B,TR,N8,86.50,13.50,19.87,0.47,2.98,1.79,44.39,25.91,49.54,47.73,1.87,84.06,93.80,13.05,12.18,0.25,,3.60,1.87,10.08,0.57,0.45,0.22,3.99,0.22,0.21,19.87,21.24,68.72,71.15,34.26,60.36,66.35,68.44,2.51,45.69,73.08,72.20,70.55,80.61,52.32,3523,2.4975000,8799,128.92,204.24,6.85,7.68,97.06,12.26,1481.58,222.24,79.65,72.60,56.62,8.94,3.18,
709907,9/7/2022,UW Winter Cereal Pro,OCONTO,GILLETT,202,2,40,,,,,,1B,TR,N8,86.23,13.77,17.06,0.51,2.56,1.92,40.97,26.66,49.75,47.83,1.82,82.40,92.70,13.35,12.53,0.25,,3.50,1.77,9.56,0.50,0.43,0.20,3.70,0.20,0.28,17.06,24.70,68.13,70.50,33.26,59.26,66.75,68.88,2.49,45.01,72.32,72.03,70.98,79.21,51.10,3540,2.0379600,7214,127.28,205.59,6.41,7.45,96.84,12.02,1476.36,225.88,77.98,69.80,56.11,12.10,2.73,
709908,9/7/2022,UW Winter Cereal Pro,OCONTO,GILLETT,203,2,80,,,,,,1B,TR,N8,85.53,14.47,16.59,0.51,2.49,1.86,38.10,25.80,49.19,47.83,1.99,83.17,92.81,14.07,12.99,0.25,,3.36,1.72,9.23,0.54,0.43,0.21,3.79,0.20,0.27,16.59,25.49,68.80,71.24,33.34,59.35,66.64,68.76,2.48,44.68,71.95,72.63,71.48,79.82,51.63,3578,2.9084700,10407,130.13,206.43,6.75,7.68,96.82,12.10,1488.96,239.39,78.99,68.88,56.69,12.17,2.65,1188
709909,9/7/2022,UW Winter Cereal Pro,OCONTO,GILLETT,204,2,0,,,,,,1B,TR,N8,85.42,14.58,15.02,0.49,2.25,1.96,40.15,26.86,51.88,49.83,1.99,81.68,91.93,14.66,13.44,0.25,,3.20,1.60,9.44,0.45,0.40,0.19,3.55,0.18,0.54,15.02,25.07,67.98,70.33,31.71,57.56,65.78,67.80,2.43,42.99,70.05,71.30,70.00,77.37,49.48,3473,2.6098200,9064,121.73,203.51,6.34,7.43,96.56,11.77,1465.74,237.45,77.61,68.20,55.98,11.16,2.40,391
709910,9/7/2022,UW Winter Cereal Pro,OCONTO,GILLETT,205,2,160,,,,,,1B,TR,N8,87.39,12.61,20.24,0.51,3.04,1.93,44.32,26.75,50.49,48.60,1.88,81.75,92.53,11.64,10.91,0.25,,3.63,1.80,10.72,0.60,0.46,0.22,3.91,0.23,0.34,20.24,19.57,68.06,70.42,33.99,60.06,65.39,67.37,2.48,44.64,71.90,70.32,68.82,78.25,50.25,3397,2.4085100,8182,125.57,193.58,6.30,7.29,96.89,11.94,1447.38,202.79,77.47,72.20,56.05,8.68,3.24,2828
709911,9/7/2022,UW Winter Cereal Pro,OCONTO,GILLETT,301,3,0,,,,,,1B,TR,N8,86.01,13.99,16.06,0.46,2.41,1.99,40.54,26.62,51.72,49.64,1.87,80.68,90.95,13.74,12.69,0.25,,3.40,1.68,10.22,0.46,0.42,0.20,3.85,0.20,0.66,16.06,23.39,68.16,70.53,32.12,58.01,65.48,67.47,2.43,43.05,70.12,70.19,68.95,76.30,48.54,3398,3.3715900,11457,122.58,196.51,6.04,7.39,96.83,11.63,1443.42,224.37,76.73,68.84,56.14,10.40,2.57,516
709912,9/7/2022,UW Winter Cereal Pro,OCONTO,GILLETT,302,3,80,,,,,,1B,TR,N8,87.13,12.87,20.70,0.53,3.10,1.93,44.01,25.36,48.38,46.24,1.81,81.83,90.98,12.62,11.55,0.25,,3.65,1.83,10.46,0.61,0.45,0.22,3.94,0.24,0.44,20.70,21.70,69.14,71.62,34.99,61.17,66.43,68.52,2.52,46.09,73.53,71.15,70.25,79.54,51.39,3490,2.5868700,9028,132.92,199.44,6.33,7.79,96.95,12.06,1460.52,208.85,77.46,72.25,56.99,9.83,3.31,2496
709913,9/7/2022,UW Winter Cereal Pro,OCONTO,GILLETT,303,3,40,,,,,,1B,TR,N8,86.06,13.94,18.90,0.51,2.83,1.88,42.91,26.05,49.64,47.80,1.74,83.26,93.03,13.54,12.54,0.25,,3.65,1.82,10.18,0.55,0.45,0.21,3.67,0.20,0.28,18.90,22.18,68.61,71.03,33.89,59.95,66.40,68.49,2.50,45.34,72.68,71.75,70.26,79.61,51.45,3499,2.6346600,9219,128.71,202.31,6.52,7.64,96.64,12.08,1472.76,228.11,78.92,71.42,56.52,9.39,3.02,
709914,9/7/2022,UW Winter Cereal Pro,OCONTO,GILLETT,304,3,160,,,,,,1B,TR,N8,87.50,12.50,21.66,0.53,3.25,2.04,46.86,26.48,50.14,48.37,1.95,79.68,89.95,11.67,10.73,0.25,,3.69,1.85,10.70,0.62,0.45,0.23,3.95,0.24,0.45,21.66,18.46,68.27,70.65,34.59,60.73,65.42,67.40,2.49,45.25,72.59,69.52,68.61,77.76,49.82,3370,2.7875000,9394,126.48,188.63,5.95,7.35,97.05,11.87,1430.46,198.68,75.77,73.14,56.23,7.54,3.47,3297
709915,9/7/2022,UW Winter Cereal Pro,OCONTO,GILLETT,305,3,120,,,,,,1B,TR,N8,86.81,13.19,19.18,0.50,2.88,1.85,45.05,26.06,49.53,47.38,1.74,83.05,92.32,13.01,12.04,0.25,,3.45,1.73,10.25,0.56,0.44,0.22,3.77,0.21,0.32,19.18,22.31,68.60,71.02,34.04,60.12,66.34,68.42,2.50,45.38,72.73,71.56,70.15,79.45,51.31,3491,2.3478200,8196,128.69,202.42,6.49,7.79,97.05,12.07,1470.96,215.58,78.53,72.33,56.52,10.05,3.07,
709916,9/7/2022,UW Winter Cereal Pro,OCONTO,GILLETT,401,4,160,,,,,,1B,TR,N8,87.42,12.58,22.49,0.53,3.37,2.02,48.07,24.94,47.94,46.19,1.79,81.86,91.53,12.26,11.27,0.25,,3.54,1.80,11.10,0.68,0.45,0.24,3.98,0.24,0.39,22.49,19.44,69.47,71.99,35.77,62.02,65.88,67.91,2.52,46.14,73.59,70.44,69.30,79.33,51.21,3429,2.7172800,9318,134.63,192.24,6.32,7.62,97.06,12.09,1449.36,202.59,77.55,73.86,57.27,7.93,3.60,2957
709917,9/7/2022,UW Winter Cereal Pro,OCONTO,GILLETT,402,4,0,,,,,,1B,TR,N8,84.96,15.04,14.41,0.49,2.16,1.82,44.83,26.80,52.40,50.33,2.10,82.48,92.69,15.31,14.11,0.25,,3.06,1.55,8.91,0.41,0.39,0.18,3.56,0.15,0.30,14.41,25.62,68.02,70.37,31.29,57.10,65.84,67.87,2.42,42.80,69.84,72.01,70.54,78.06,50.09,3513,3.4742400,12205,120.75,208.44,6.60,7.48,96.65,11.88,1480.86,247.47,78.12,69.99,56.02,11.06,2.31,434
709918,9/7/2022,UW Winter Cereal Pro,OCONTO,GILLETT,403,4,120,,,,,,1B,TR,N8,87.42,12.58,19.33,0.56,2.90,1.98,45.78,26.54,50.93,48.76,2.07,81.62,92.23,12.53,11.38,0.25,,3.49,1.73,10.10,0.57,0.44,0.21,3.79,0.21,0.41,19.33,21.06,68.23,70.61,33.51,59.53,65.42,67.40,2.47,44.28,71.50,70.81,69.52,78.52,50.49,3441,2.4656800,8484,124.82,198.64,6.44,7.33,96.72,11.95,1456.92,203.65,77.40,72.14,56.19,9.28,3.09,
709919,9/7/2022,UW Winter Cereal Pro,OCONTO,GILLETT,404,4,40,,,,,,1B,TR,N8,86.51,13.49,16.25,0.56,2.44,1.98,45.17,27.42,52.77,50.63,2.21,80.53,91.39,12.55,11.48,0.25,,3.22,1.55,10.26,0.51,0.41,0.19,3.89,0.18,0.54,16.25,22.29,67.54,69.84,31.75,57.61,64.21,66.05,2.39,41.51,68.40,69.69,68.20,75.69,48.00,3349,2.5765900,8629,118.85,193.12,6.26,7.22,96.50,11.56,1437.84,215.52,76.68,70.46,55.60,10.49,2.60,
709920,9/7/2022,UW Winter Cereal Pro,OCONTO,GILLETT,405,4,80,,,,,,1B,TR,N8,86.44,13.56,16.96,0.50,2.54,1.96,43.46,26.73,50.82,48.66,1.99,82.76,92.64,13.57,12.51,0.25,,3.43,1.71,9.93,0.52,0.44,0.19,3.86,0.19,0.33,16.96,23.70,68.08,70.44,32.78,58.74,65.77,67.79,2.45,43.77,70.92,71.59,70.13,78.57,50.53,3488,2.4136800,8419,124.55,203.74,6.62,7.59,96.79,11.93,1470.24,221.52,78.39,70.40,56.06,10.88,2.71,778
